-- variable_definitions
INSERT INTO variable_definitions (id, key, label, scope, namespace, data_type, format, default_value, fallback, description, source, is_required) VALUES ('vd-001', 'customer.name', 'Customer Name', 'global', 'customer', 'text', NULL, NULL, 'N/A', 'Legal entity name of the customer', 'binding', true) ON CONFLICT (id) DO NOTHING;
INSERT INTO variable_definitions (id, key, label, scope, namespace, data_type, format, default_value, fallback, description, source, is_required) VALUES ('vd-002', 'customer.code', 'Customer Code', 'global', 'customer', 'text', NULL, NULL, 'N/A', 'Internal customer reference code', 'binding', false) ON CONFLICT (id) DO NOTHING;
INSERT INTO variable_definitions (id, key, label, scope, namespace, data_type, format, default_value, fallback, description, source, is_required) VALUES ('vd-003', 'customer.cr_number', 'CR Number', 'global', 'customer', 'text', NULL, NULL, 'N/A', 'Commercial registration number', 'binding', false) ON CONFLICT (id) DO NOTHING;
INSERT INTO variable_definitions (id, key, label, scope, namespace, data_type, format, default_value, fallback, description, source, is_required) VALUES ('vd-004', 'customer.vat_number', 'VAT Number', 'global', 'customer', 'text', NULL, NULL, 'N/A', 'VAT registration number', 'binding', false) ON CONFLICT (id) DO NOTHING;
INSERT INTO variable_definitions (id, key, label, scope, namespace, data_type, format, default_value, fallback, description, source, is_required) VALUES ('vd-005', 'customer.address', 'Customer Address', 'global', 'customer', 'text', NULL, NULL, 'N/A', 'Primary business address', 'binding', false) ON CONFLICT (id) DO NOTHING;
INSERT INTO variable_definitions (id, key, label, scope, namespace, data_type, format, default_value, fallback, description, source, is_required) VALUES ('vd-006', 'customer.city', 'Customer City', 'global', 'customer', 'text', NULL, NULL, 'N/A', 'City of the customer', 'binding', false) ON CONFLICT (id) DO NOTHING;
INSERT INTO variable_definitions (id, key, label, scope, namespace, data_type, format, default_value, fallback, description, source, is_required) VALUES ('vd-007', 'customer.contact_name', 'Contact Person', 'global', 'customer', 'text', NULL, NULL, 'N/A', 'Primary contact person name', 'binding', false) ON CONFLICT (id) DO NOTHING;
INSERT INTO variable_definitions (id, key, label, scope, namespace, data_type, format, default_value, fallback, description, source, is_required) VALUES ('vd-008', 'customer.contact_email', 'Contact Email', 'global', 'customer', 'text', NULL, NULL, 'N/A', 'Primary contact email', 'binding', false) ON CONFLICT (id) DO NOTHING;
INSERT INTO variable_definitions (id, key, label, scope, namespace, data_type, format, default_value, fallback, description, source, is_required) VALUES ('vd-009', 'customer.contact_phone', 'Contact Phone', 'global', 'customer', 'text', NULL, NULL, 'N/A', 'Primary contact phone', 'binding', false) ON CONFLICT (id) DO NOTHING;
INSERT INTO variable_definitions (id, key, label, scope, namespace, data_type, format, default_value, fallback, description, source, is_required) VALUES ('vd-010', 'customer.industry', 'Industry', 'global', 'customer', 'text', NULL, NULL, 'General', 'Customer industry sector', 'binding', false) ON CONFLICT (id) DO NOTHING;
INSERT INTO variable_definitions (id, key, label, scope, namespace, data_type, format, default_value, fallback, description, source, is_required) VALUES ('vd-011', 'workspace.name', 'Workspace Name', 'global', 'workspace', 'text', NULL, NULL, 'N/A', 'Name of the active workspace', 'binding', true) ON CONFLICT (id) DO NOTHING;
INSERT INTO variable_definitions (id, key, label, scope, namespace, data_type, format, default_value, fallback, description, source, is_required) VALUES ('vd-012', 'workspace.stage', 'Current Stage', 'global', 'workspace', 'text', NULL, NULL, 'N/A', 'Current pipeline stage', 'binding', false) ON CONFLICT (id) DO NOTHING;
INSERT INTO variable_definitions (id, key, label, scope, namespace, data_type, format, default_value, fallback, description, source, is_required) VALUES ('vd-013', 'workspace.total_value', 'Total Value', 'global', 'workspace', 'currency', 'SAR #,##0.00', NULL, '0.00', 'Total contract value', 'binding', false) ON CONFLICT (id) DO NOTHING;
INSERT INTO variable_definitions (id, key, label, scope, namespace, data_type, format, default_value, fallback, description, source, is_required) VALUES ('vd-014', 'workspace.gross_profit', 'Gross Profit %', 'global', 'workspace', 'percentage', '0.0%', NULL, '0%', 'Gross profit margin', 'binding', false) ON CONFLICT (id) DO NOTHING;
INSERT INTO variable_definitions (id, key, label, scope, namespace, data_type, format, default_value, fallback, description, source, is_required) VALUES ('vd-015', 'workspace.volume', 'Volume', 'global', 'workspace', 'number', '#,##0', NULL, '0', 'Total volume in pallets', 'binding', false) ON CONFLICT (id) DO NOTHING;
INSERT INTO variable_definitions (id, key, label, scope, namespace, data_type, format, default_value, fallback, description, source, is_required) VALUES ('vd-016', 'workspace.start_date', 'Start Date', 'global', 'workspace', 'date', 'DD/MM/YYYY', NULL, 'TBD', 'Contract start date', 'binding', false) ON CONFLICT (id) DO NOTHING;
INSERT INTO variable_definitions (id, key, label, scope, namespace, data_type, format, default_value, fallback, description, source, is_required) VALUES ('vd-017', 'workspace.end_date', 'End Date', 'global', 'workspace', 'date', 'DD/MM/YYYY', NULL, 'TBD', 'Contract end date', 'binding', false) ON CONFLICT (id) DO NOTHING;
INSERT INTO variable_definitions (id, key, label, scope, namespace, data_type, format, default_value, fallback, description, source, is_required) VALUES ('vd-018', 'workspace.duration_months', 'Duration (Months)', 'global', 'workspace', 'number', NULL, NULL, '12', 'Contract duration in months', 'binding', false) ON CONFLICT (id) DO NOTHING;
INSERT INTO variable_definitions (id, key, label, scope, namespace, data_type, format, default_value, fallback, description, source, is_required) VALUES ('vd-019', 'company.name', 'Company Name', 'global', 'company', 'text', NULL, 'Hala Supply Chain Services', 'Hala SCS', 'Our company legal name', 'manual', false) ON CONFLICT (id) DO NOTHING;
INSERT INTO variable_definitions (id, key, label, scope, namespace, data_type, format, default_value, fallback, description, source, is_required) VALUES ('vd-020', 'company.cr_number', 'Company CR', 'global', 'company', 'text', NULL, '1010XXXXXX', 'N/A', 'Our CR number', 'manual', false) ON CONFLICT (id) DO NOTHING;
INSERT INTO variable_definitions (id, key, label, scope, namespace, data_type, format, default_value, fallback, description, source, is_required) VALUES ('vd-021', 'company.vat_number', 'Company VAT', 'global', 'company', 'text', NULL, '3XXXXXXXXXX0003', 'N/A', 'Our VAT number', 'manual', false) ON CONFLICT (id) DO NOTHING;
INSERT INTO variable_definitions (id, key, label, scope, namespace, data_type, format, default_value, fallback, description, source, is_required) VALUES ('vd-022', 'company.address', 'Company Address', 'global', 'company', 'text', NULL, 'Riyadh, Saudi Arabia', 'N/A', 'Our business address', 'manual', false) ON CONFLICT (id) DO NOTHING;
INSERT INTO variable_definitions (id, key, label, scope, namespace, data_type, format, default_value, fallback, description, source, is_required) VALUES ('vd-023', 'company.signatory', 'Authorized Signatory', 'global', 'company', 'text', NULL, 'Amin Al-Rashid', 'N/A', 'Default authorized signatory', 'manual', false) ON CONFLICT (id) DO NOTHING;
INSERT INTO variable_definitions (id, key, label, scope, namespace, data_type, format, default_value, fallback, description, source, is_required) VALUES ('vd-024', 'company.signatory_title', 'Signatory Title', 'global', 'company', 'text', NULL, 'Chief Executive Officer', 'N/A', 'Title of the signatory', 'manual', false) ON CONFLICT (id) DO NOTHING;
INSERT INTO variable_definitions (id, key, label, scope, namespace, data_type, format, default_value, fallback, description, source, is_required) VALUES ('vd-025', 'pricing.base_rate', 'Base Rate', 'global', 'pricing', 'currency', 'SAR #,##0.00', NULL, '0.00', 'Base rate per pallet', 'manual', false) ON CONFLICT (id) DO NOTHING;
INSERT INTO variable_definitions (id, key, label, scope, namespace, data_type, format, default_value, fallback, description, source, is_required) VALUES ('vd-026', 'pricing.fuel_surcharge', 'Fuel Surcharge %', 'global', 'pricing', 'percentage', '0.0%', '5.0%', '0%', 'Fuel surcharge percentage', 'manual', false) ON CONFLICT (id) DO NOTHING;
INSERT INTO variable_definitions (id, key, label, scope, namespace, data_type, format, default_value, fallback, description, source, is_required) VALUES ('vd-027', 'pricing.insurance_rate', 'Insurance Rate %', 'global', 'pricing', 'percentage', '0.0%', '0.5%', '0%', 'Insurance rate percentage', 'manual', false) ON CONFLICT (id) DO NOTHING;
INSERT INTO variable_definitions (id, key, label, scope, namespace, data_type, format, default_value, fallback, description, source, is_required) VALUES ('vd-028', 'pricing.payment_terms', 'Payment Terms', 'global', 'pricing', 'text', NULL, 'Net 30', 'Net 30', 'Default payment terms', 'manual', false) ON CONFLICT (id) DO NOTHING;
INSERT INTO variable_definitions (id, key, label, scope, namespace, data_type, format, default_value, fallback, description, source, is_required) VALUES ('vd-029', 'pricing.currency', 'Currency', 'global', 'pricing', 'text', NULL, 'SAR', 'SAR', 'Default currency', 'manual', false) ON CONFLICT (id) DO NOTHING;
INSERT INTO variable_definitions (id, key, label, scope, namespace, data_type, format, default_value, fallback, description, source, is_required) VALUES ('vd-030', 'sla.uptime_target', 'Uptime Target %', 'global', 'sla', 'percentage', '0.0%', '99.5%', '99%', 'Target uptime percentage', 'manual', false) ON CONFLICT (id) DO NOTHING;
INSERT INTO variable_definitions (id, key, label, scope, namespace, data_type, format, default_value, fallback, description, source, is_required) VALUES ('vd-031', 'sla.response_time', 'Response Time', 'global', 'sla', 'text', NULL, '4 hours', '24 hours', 'Maximum response time', 'manual', false) ON CONFLICT (id) DO NOTHING;
INSERT INTO variable_definitions (id, key, label, scope, namespace, data_type, format, default_value, fallback, description, source, is_required) VALUES ('vd-032', 'sla.resolution_time', 'Resolution Time', 'global', 'sla', 'text', NULL, '24 hours', '72 hours', 'Maximum resolution time', 'manual', false) ON CONFLICT (id) DO NOTHING;
INSERT INTO variable_definitions (id, key, label, scope, namespace, data_type, format, default_value, fallback, description, source, is_required) VALUES ('vd-033', 'sla.penalty_rate', 'Penalty Rate %', 'global', 'sla', 'percentage', '0.0%', '2.0%', '0%', 'SLA breach penalty rate', 'manual', false) ON CONFLICT (id) DO NOTHING;
INSERT INTO variable_definitions (id, key, label, scope, namespace, data_type, format, default_value, fallback, description, source, is_required) VALUES ('vd-034', 'legal.jurisdiction', 'Jurisdiction', 'global', 'legal', 'text', NULL, 'Kingdom of Saudi Arabia', 'KSA', 'Legal jurisdiction', 'manual', false) ON CONFLICT (id) DO NOTHING;
INSERT INTO variable_definitions (id, key, label, scope, namespace, data_type, format, default_value, fallback, description, source, is_required) VALUES ('vd-035', 'legal.governing_law', 'Governing Law', 'global', 'legal', 'text', NULL, 'Saudi Arabian Commercial Law', 'Saudi Law', 'Governing law', 'manual', false) ON CONFLICT (id) DO NOTHING;
INSERT INTO variable_definitions (id, key, label, scope, namespace, data_type, format, default_value, fallback, description, source, is_required) VALUES ('vd-036', 'legal.arbitration_body', 'Arbitration Body', 'global', 'legal', 'text', NULL, 'Saudi Center for Commercial Arbitration', 'SCCA', 'Arbitration body', 'manual', false) ON CONFLICT (id) DO NOTHING;
INSERT INTO variable_definitions (id, key, label, scope, namespace, data_type, format, default_value, fallback, description, source, is_required) VALUES ('vd-037', 'legal.notice_period', 'Notice Period', 'global', 'legal', 'text', NULL, '90 days', '30 days', 'Termination notice period', 'manual', false) ON CONFLICT (id) DO NOTHING;
INSERT INTO variable_definitions (id, key, label, scope, namespace, data_type, format, default_value, fallback, description, source, is_required) VALUES ('vd-038', 'legal.confidentiality_years', 'Confidentiality Period', 'global', 'legal', 'number', NULL, '5', '3', 'Years of confidentiality', 'manual', false) ON CONFLICT (id) DO NOTHING;
INSERT INTO variable_definitions (id, key, label, scope, namespace, data_type, format, default_value, fallback, description, source, is_required) VALUES ('vd-039', 'doc.date', 'Document Date', 'global', 'document', 'date', 'DD/MM/YYYY', NULL, 'TBD', 'Date of the document', 'system', false) ON CONFLICT (id) DO NOTHING;
INSERT INTO variable_definitions (id, key, label, scope, namespace, data_type, format, default_value, fallback, description, source, is_required) VALUES ('vd-040', 'doc.reference', 'Document Reference', 'global', 'document', 'text', NULL, NULL, 'DRAFT', 'Document reference number', 'system', false) ON CONFLICT (id) DO NOTHING;

-- variable_sets
INSERT INTO variable_sets (id, name, description, scope) VALUES ('vs-001', 'Standard Quote Variables', 'Default variable set for quotations', 'global') ON CONFLICT (id) DO NOTHING;
INSERT INTO variable_sets (id, name, description, scope) VALUES ('vs-002', 'SLA Variables', 'Default variable set for SLAs', 'global') ON CONFLICT (id) DO NOTHING;
INSERT INTO variable_sets (id, name, description, scope) VALUES ('vs-003', 'Proposal Variables', 'Default variable set for proposals', 'global') ON CONFLICT (id) DO NOTHING;
INSERT INTO variable_sets (id, name, description, scope) VALUES ('vs-004', 'Contract Variables', 'Default variable set for contracts', 'global') ON CONFLICT (id) DO NOTHING;
INSERT INTO variable_sets (id, name, description, scope) VALUES ('vs-005', 'Company Defaults', 'Company-wide default values', 'global') ON CONFLICT (id) DO NOTHING;

-- variable_set_items
INSERT INTO variable_set_items (id, set_id, variable_id, override_value) VALUES ('vsi-001', 'vs-001', 'vd-001', NULL) ON CONFLICT (id) DO NOTHING;
INSERT INTO variable_set_items (id, set_id, variable_id, override_value) VALUES ('vsi-002', 'vs-001', 'vd-013', NULL) ON CONFLICT (id) DO NOTHING;
INSERT INTO variable_set_items (id, set_id, variable_id, override_value) VALUES ('vsi-003', 'vs-001', 'vd-025', NULL) ON CONFLICT (id) DO NOTHING;
INSERT INTO variable_set_items (id, set_id, variable_id, override_value) VALUES ('vsi-004', 'vs-001', 'vd-028', NULL) ON CONFLICT (id) DO NOTHING;
INSERT INTO variable_set_items (id, set_id, variable_id, override_value) VALUES ('vsi-005', 'vs-002', 'vd-030', NULL) ON CONFLICT (id) DO NOTHING;
INSERT INTO variable_set_items (id, set_id, variable_id, override_value) VALUES ('vsi-006', 'vs-002', 'vd-031', NULL) ON CONFLICT (id) DO NOTHING;
INSERT INTO variable_set_items (id, set_id, variable_id, override_value) VALUES ('vsi-007', 'vs-002', 'vd-032', NULL) ON CONFLICT (id) DO NOTHING;
INSERT INTO variable_set_items (id, set_id, variable_id, override_value) VALUES ('vsi-008', 'vs-002', 'vd-033', NULL) ON CONFLICT (id) DO NOTHING;
INSERT INTO variable_set_items (id, set_id, variable_id, override_value) VALUES ('vsi-009', 'vs-003', 'vd-001', NULL) ON CONFLICT (id) DO NOTHING;
INSERT INTO variable_set_items (id, set_id, variable_id, override_value) VALUES ('vsi-010', 'vs-003', 'vd-011', NULL) ON CONFLICT (id) DO NOTHING;
INSERT INTO variable_set_items (id, set_id, variable_id, override_value) VALUES ('vsi-011', 'vs-003', 'vd-013', NULL) ON CONFLICT (id) DO NOTHING;
INSERT INTO variable_set_items (id, set_id, variable_id, override_value) VALUES ('vsi-012', 'vs-004', 'vd-034', NULL) ON CONFLICT (id) DO NOTHING;
INSERT INTO variable_set_items (id, set_id, variable_id, override_value) VALUES ('vsi-013', 'vs-004', 'vd-035', NULL) ON CONFLICT (id) DO NOTHING;
INSERT INTO variable_set_items (id, set_id, variable_id, override_value) VALUES ('vsi-014', 'vs-004', 'vd-037', NULL) ON CONFLICT (id) DO NOTHING;

-- doc_variable_overrides
INSERT INTO doc_variable_overrides (id, doc_instance_id, variable_id, override_value) VALUES ('dvo-001', 'doc-inst-001', 'vd-028', 'Net 45') ON CONFLICT (id) DO NOTHING;
INSERT INTO doc_variable_overrides (id, doc_instance_id, variable_id, override_value) VALUES ('dvo-002', 'doc-inst-001', 'vd-026', '3.5%') ON CONFLICT (id) DO NOTHING;
INSERT INTO doc_variable_overrides (id, doc_instance_id, variable_id, override_value) VALUES ('dvo-003', 'doc-inst-002', 'vd-030', '99.9%') ON CONFLICT (id) DO NOTHING;
INSERT INTO doc_variable_overrides (id, doc_instance_id, variable_id, override_value) VALUES ('dvo-004', 'doc-inst-002', 'vd-031', '2 hours') ON CONFLICT (id) DO NOTHING;
INSERT INTO doc_variable_overrides (id, doc_instance_id, variable_id, override_value) VALUES ('dvo-005', 'doc-inst-003', 'vd-037', '60 days') ON CONFLICT (id) DO NOTHING;
INSERT INTO doc_variable_overrides (id, doc_instance_id, variable_id, override_value) VALUES ('dvo-006', 'doc-inst-003', 'vd-038', '7') ON CONFLICT (id) DO NOTHING;
INSERT INTO doc_variable_overrides (id, doc_instance_id, variable_id, override_value) VALUES ('dvo-007', 'doc-inst-004', 'vd-028', 'Net 60') ON CONFLICT (id) DO NOTHING;
INSERT INTO doc_variable_overrides (id, doc_instance_id, variable_id, override_value) VALUES ('dvo-008', 'doc-inst-004', 'vd-025', '45.00') ON CONFLICT (id) DO NOTHING;
