-- variable_definitions
INSERT INTO variable_definitions (id, key, label, description, data_type, scope, source, binding_path, default_value_json, allowed_in_doc_types, namespace, created_by) VALUES ('vd-001', 'customer.name', 'Customer Name', 'Legal entity name of the customer', 'text', 'global', 'binding', 'customer.name', NULL, '[]'::jsonb, 'customer', 'system') ON CONFLICT (id) DO NOTHING;
INSERT INTO variable_definitions (id, key, label, description, data_type, scope, source, binding_path, default_value_json, allowed_in_doc_types, namespace, created_by) VALUES ('vd-002', 'customer.code', 'Customer Code', 'Internal customer reference code', 'text', 'global', 'binding', 'customer.code', NULL, '[]'::jsonb, 'customer', 'system') ON CONFLICT (id) DO NOTHING;
INSERT INTO variable_definitions (id, key, label, description, data_type, scope, source, binding_path, default_value_json, allowed_in_doc_types, namespace, created_by) VALUES ('vd-003', 'customer.industry', 'Customer Industry', 'Industry classification', 'text', 'global', 'binding', 'customer.industry', NULL, '[]'::jsonb, 'customer', 'system') ON CONFLICT (id) DO NOTHING;
INSERT INTO variable_definitions (id, key, label, description, data_type, scope, source, binding_path, default_value_json, allowed_in_doc_types, namespace, created_by) VALUES ('vd-004', 'customer.contact_name', 'Contact Name', 'Primary contact person', 'text', 'global', 'binding', 'customer.contact_name', NULL, '[]'::jsonb, 'customer', 'system') ON CONFLICT (id) DO NOTHING;
INSERT INTO variable_definitions (id, key, label, description, data_type, scope, source, binding_path, default_value_json, allowed_in_doc_types, namespace, created_by) VALUES ('vd-005', 'customer.contact_email', 'Contact Email', 'Primary contact email', 'text', 'global', 'binding', 'customer.contact_email', NULL, '[]'::jsonb, 'customer', 'system') ON CONFLICT (id) DO NOTHING;
INSERT INTO variable_definitions (id, key, label, description, data_type, scope, source, binding_path, default_value_json, allowed_in_doc_types, namespace, created_by) VALUES ('vd-006', 'customer.contact_phone', 'Contact Phone', 'Primary contact phone number', 'text', 'global', 'binding', 'customer.contact_phone', NULL, '[]'::jsonb, 'customer', 'system') ON CONFLICT (id) DO NOTHING;
INSERT INTO variable_definitions (id, key, label, description, data_type, scope, source, binding_path, default_value_json, allowed_in_doc_types, namespace, created_by) VALUES ('vd-007', 'customer.region', 'Customer Region', 'Geographic region', 'text', 'global', 'binding', 'customer.region', NULL, '[]'::jsonb, 'customer', 'system') ON CONFLICT (id) DO NOTHING;
INSERT INTO variable_definitions (id, key, label, description, data_type, scope, source, binding_path, default_value_json, allowed_in_doc_types, namespace, created_by) VALUES ('vd-008', 'customer.grade', 'Customer Grade', 'Customer tier/grade classification', 'text', 'global', 'binding', 'customer.grade', NULL, '[]'::jsonb, 'customer', 'system') ON CONFLICT (id) DO NOTHING;
INSERT INTO variable_definitions (id, key, label, description, data_type, scope, source, binding_path, default_value_json, allowed_in_doc_types, namespace, created_by) VALUES ('vd-010', 'quote.ref_number', 'Quote Reference', 'Unique quotation reference number', 'text', 'record', 'computed', NULL, NULL, '["quote"]'::jsonb, 'quote', 'system') ON CONFLICT (id) DO NOTHING;
INSERT INTO variable_definitions (id, key, label, description, data_type, scope, source, binding_path, default_value_json, allowed_in_doc_types, namespace, created_by) VALUES ('vd-011', 'quote.date', 'Quote Date', 'Date the quotation was issued', 'date', 'record', 'computed', NULL, NULL, '["quote"]'::jsonb, 'quote', 'system') ON CONFLICT (id) DO NOTHING;
INSERT INTO variable_definitions (id, key, label, description, data_type, scope, source, binding_path, default_value_json, allowed_in_doc_types, namespace, created_by) VALUES ('vd-012', 'quote.validity_days', 'Validity Period', 'Number of days the quote remains valid', 'number', 'template', 'static', NULL, '30'::jsonb, '["quote"]'::jsonb, 'quote', 'system') ON CONFLICT (id) DO NOTHING;
INSERT INTO variable_definitions (id, key, label, description, data_type, scope, source, binding_path, default_value_json, allowed_in_doc_types, namespace, created_by) VALUES ('vd-013', 'quote.total_amount', 'Total Amount', 'Total quoted amount in SAR', 'currency', 'record', 'binding', 'pricing_snapshot.total', NULL, '["quote"]'::jsonb, 'quote', 'system') ON CONFLICT (id) DO NOTHING;
INSERT INTO variable_definitions (id, key, label, description, data_type, scope, source, binding_path, default_value_json, allowed_in_doc_types, namespace, created_by) VALUES ('vd-014', 'quote.gp_percent', 'Gross Profit %', 'Gross profit margin percentage', 'percent', 'record', 'binding', 'pricing_snapshot.gp_percent', NULL, '["quote"]'::jsonb, 'quote', 'system') ON CONFLICT (id) DO NOTHING;
INSERT INTO variable_definitions (id, key, label, description, data_type, scope, source, binding_path, default_value_json, allowed_in_doc_types, namespace, created_by) VALUES ('vd-015', 'quote.pallets', 'Pallet Count', 'Number of pallet positions', 'number', 'record', 'binding', 'pricing_snapshot.pallets', NULL, '["quote"]'::jsonb, 'quote', 'system') ON CONFLICT (id) DO NOTHING;
INSERT INTO variable_definitions (id, key, label, description, data_type, scope, source, binding_path, default_value_json, allowed_in_doc_types, namespace, created_by) VALUES ('vd-020', 'proposal.title', 'Proposal Title', 'Title of the commercial proposal', 'text', 'record', 'static', NULL, '"Commercial Proposal"'::jsonb, '["proposal"]'::jsonb, 'proposal', 'system') ON CONFLICT (id) DO NOTHING;
INSERT INTO variable_definitions (id, key, label, description, data_type, scope, source, binding_path, default_value_json, allowed_in_doc_types, namespace, created_by) VALUES ('vd-021', 'proposal.subtitle', 'Proposal Subtitle', 'Subtitle or tagline', 'text', 'record', 'static', NULL, '""'::jsonb, '["proposal"]'::jsonb, 'proposal', 'system') ON CONFLICT (id) DO NOTHING;
INSERT INTO variable_definitions (id, key, label, description, data_type, scope, source, binding_path, default_value_json, allowed_in_doc_types, namespace, created_by) VALUES ('vd-022', 'proposal.scope_summary', 'Scope Summary', 'Brief description of services offered', 'text', 'record', 'static', NULL, '""'::jsonb, '["proposal"]'::jsonb, 'proposal', 'system') ON CONFLICT (id) DO NOTHING;
INSERT INTO variable_definitions (id, key, label, description, data_type, scope, source, binding_path, default_value_json, allowed_in_doc_types, namespace, created_by) VALUES ('vd-023', 'proposal.delivery_timeline', 'Delivery Timeline', 'Expected delivery or implementation timeline', 'text', 'record', 'static', NULL, '""'::jsonb, '["proposal"]'::jsonb, 'proposal', 'system') ON CONFLICT (id) DO NOTHING;
INSERT INTO variable_definitions (id, key, label, description, data_type, scope, source, binding_path, default_value_json, allowed_in_doc_types, namespace, created_by) VALUES ('vd-030', 'sla.service_level', 'Service Level', 'Agreed service level tier', 'text', 'record', 'static', NULL, '"Standard"'::jsonb, '["sla"]'::jsonb, 'sla', 'system') ON CONFLICT (id) DO NOTHING;
INSERT INTO variable_definitions (id, key, label, description, data_type, scope, source, binding_path, default_value_json, allowed_in_doc_types, namespace, created_by) VALUES ('vd-031', 'sla.response_time', 'Response Time', 'Maximum response time in hours', 'number', 'record', 'static', NULL, '24'::jsonb, '["sla"]'::jsonb, 'sla', 'system') ON CONFLICT (id) DO NOTHING;
INSERT INTO variable_definitions (id, key, label, description, data_type, scope, source, binding_path, default_value_json, allowed_in_doc_types, namespace, created_by) VALUES ('vd-032', 'sla.uptime_target', 'Uptime Target', 'Target uptime percentage', 'percent', 'record', 'static', NULL, '99.5'::jsonb, '["sla"]'::jsonb, 'sla', 'system') ON CONFLICT (id) DO NOTHING;
INSERT INTO variable_definitions (id, key, label, description, data_type, scope, source, binding_path, default_value_json, allowed_in_doc_types, namespace, created_by) VALUES ('vd-033', 'sla.penalty_rate', 'Penalty Rate', 'Penalty rate for SLA breach', 'percent', 'record', 'static', NULL, '2.0'::jsonb, '["sla"]'::jsonb, 'sla', 'system') ON CONFLICT (id) DO NOTHING;
INSERT INTO variable_definitions (id, key, label, description, data_type, scope, source, binding_path, default_value_json, allowed_in_doc_types, namespace, created_by) VALUES ('vd-034', 'sla.start_date', 'SLA Start Date', 'Effective start date of the SLA', 'date', 'record', 'static', NULL, NULL, '["sla"]'::jsonb, 'sla', 'system') ON CONFLICT (id) DO NOTHING;
INSERT INTO variable_definitions (id, key, label, description, data_type, scope, source, binding_path, default_value_json, allowed_in_doc_types, namespace, created_by) VALUES ('vd-035', 'sla.end_date', 'SLA End Date', 'Expiry date of the SLA', 'date', 'record', 'static', NULL, NULL, '["sla"]'::jsonb, 'sla', 'system') ON CONFLICT (id) DO NOTHING;
INSERT INTO variable_definitions (id, key, label, description, data_type, scope, source, binding_path, default_value_json, allowed_in_doc_types, namespace, created_by) VALUES ('vd-040', 'company.name', 'Company Name', 'Hala Supply Chain Services legal name', 'text', 'global', 'static', NULL, '"Hala Supply Chain Services Co."'::jsonb, '[]'::jsonb, 'company', 'system') ON CONFLICT (id) DO NOTHING;
INSERT INTO variable_definitions (id, key, label, description, data_type, scope, source, binding_path, default_value_json, allowed_in_doc_types, namespace, created_by) VALUES ('vd-041', 'company.cr_number', 'CR Number', 'Commercial registration number', 'text', 'global', 'static', NULL, '"1010XXXXXX"'::jsonb, '[]'::jsonb, 'company', 'system') ON CONFLICT (id) DO NOTHING;
INSERT INTO variable_definitions (id, key, label, description, data_type, scope, source, binding_path, default_value_json, allowed_in_doc_types, namespace, created_by) VALUES ('vd-042', 'company.vat_number', 'VAT Number', 'VAT registration number', 'text', 'global', 'static', NULL, '"3XXXXXXXXXX0003"'::jsonb, '[]'::jsonb, 'company', 'system') ON CONFLICT (id) DO NOTHING;
INSERT INTO variable_definitions (id, key, label, description, data_type, scope, source, binding_path, default_value_json, allowed_in_doc_types, namespace, created_by) VALUES ('vd-043', 'company.address', 'Company Address', 'Registered office address', 'text', 'global', 'static', NULL, '"Riyadh, Kingdom of Saudi Arabia"'::jsonb, '[]'::jsonb, 'company', 'system') ON CONFLICT (id) DO NOTHING;
INSERT INTO variable_definitions (id, key, label, description, data_type, scope, source, binding_path, default_value_json, allowed_in_doc_types, namespace, created_by) VALUES ('vd-044', 'company.phone', 'Company Phone', 'Main office phone number', 'text', 'global', 'static', NULL, '"+966-11-XXX-XXXX"'::jsonb, '[]'::jsonb, 'company', 'system') ON CONFLICT (id) DO NOTHING;
INSERT INTO variable_definitions (id, key, label, description, data_type, scope, source, binding_path, default_value_json, allowed_in_doc_types, namespace, created_by) VALUES ('vd-045', 'company.email', 'Company Email', 'Main office email', 'text', 'global', 'static', NULL, '"info@halascs.com"'::jsonb, '[]'::jsonb, 'company', 'system') ON CONFLICT (id) DO NOTHING;
INSERT INTO variable_definitions (id, key, label, description, data_type, scope, source, binding_path, default_value_json, allowed_in_doc_types, namespace, created_by) VALUES ('vd-050', 'doc.title', 'Document Title', 'Title of the document', 'text', 'record', 'static', NULL, '""'::jsonb, '[]'::jsonb, 'doc', 'system') ON CONFLICT (id) DO NOTHING;
INSERT INTO variable_definitions (id, key, label, description, data_type, scope, source, binding_path, default_value_json, allowed_in_doc_types, namespace, created_by) VALUES ('vd-051', 'doc.subtitle', 'Document Subtitle', 'Subtitle or secondary heading', 'text', 'record', 'static', NULL, '""'::jsonb, '[]'::jsonb, 'doc', 'system') ON CONFLICT (id) DO NOTHING;
INSERT INTO variable_definitions (id, key, label, description, data_type, scope, source, binding_path, default_value_json, allowed_in_doc_types, namespace, created_by) VALUES ('vd-052', 'doc.ref_number', 'Document Reference', 'Document reference number', 'text', 'record', 'computed', NULL, NULL, '[]'::jsonb, 'doc', 'system') ON CONFLICT (id) DO NOTHING;
INSERT INTO variable_definitions (id, key, label, description, data_type, scope, source, binding_path, default_value_json, allowed_in_doc_types, namespace, created_by) VALUES ('vd-053', 'doc.date', 'Document Date', 'Date of document creation', 'date', 'record', 'computed', NULL, NULL, '[]'::jsonb, 'doc', 'system') ON CONFLICT (id) DO NOTHING;
INSERT INTO variable_definitions (id, key, label, description, data_type, scope, source, binding_path, default_value_json, allowed_in_doc_types, namespace, created_by) VALUES ('vd-054', 'doc.version', 'Version Number', 'Document version', 'text', 'record', 'computed', NULL, '"v1"'::jsonb, '[]'::jsonb, 'doc', 'system') ON CONFLICT (id) DO NOTHING;
INSERT INTO variable_definitions (id, key, label, description, data_type, scope, source, binding_path, default_value_json, allowed_in_doc_types, namespace, created_by) VALUES ('vd-055', 'doc.author', 'Author', 'Document author name', 'text', 'record', 'binding', 'user.name', NULL, '[]'::jsonb, 'doc', 'system') ON CONFLICT (id) DO NOTHING;
INSERT INTO variable_definitions (id, key, label, description, data_type, scope, source, binding_path, default_value_json, allowed_in_doc_types, namespace, created_by) VALUES ('vd-060', 'pricing.storage_rate', 'Storage Rate', 'Rate per pallet per month', 'currency', 'record', 'binding', 'pricing_snapshot.storage_rate', NULL, '["quote", "proposal"]'::jsonb, 'pricing', 'system') ON CONFLICT (id) DO NOTHING;
INSERT INTO variable_definitions (id, key, label, description, data_type, scope, source, binding_path, default_value_json, allowed_in_doc_types, namespace, created_by) VALUES ('vd-061', 'pricing.handling_rate', 'Handling Rate', 'Rate per pallet movement', 'currency', 'record', 'binding', 'pricing_snapshot.handling_rate', NULL, '["quote", "proposal"]'::jsonb, 'pricing', 'system') ON CONFLICT (id) DO NOTHING;
INSERT INTO variable_definitions (id, key, label, description, data_type, scope, source, binding_path, default_value_json, allowed_in_doc_types, namespace, created_by) VALUES ('vd-062', 'pricing.transport_rate', 'Transport Rate', 'Rate per delivery trip', 'currency', 'record', 'binding', 'pricing_snapshot.transport_rate', NULL, '["quote", "proposal"]'::jsonb, 'pricing', 'system') ON CONFLICT (id) DO NOTHING;
INSERT INTO variable_definitions (id, key, label, description, data_type, scope, source, binding_path, default_value_json, allowed_in_doc_types, namespace, created_by) VALUES ('vd-063', 'pricing.vas_total', 'VAS Total', 'Total value-added services amount', 'currency', 'record', 'binding', 'pricing_snapshot.vas_total', NULL, '["quote", "proposal"]'::jsonb, 'pricing', 'system') ON CONFLICT (id) DO NOTHING;

-- variable_sets
INSERT INTO variable_sets (id, name, doc_type, template_version_id, variable_ids) VALUES ('vs-quote-en', 'Standard Quotation (EN)', 'quote', 'tpl-quote-en', '["vd-001", "vd-002", "vd-003", "vd-004", "vd-005", "vd-007", "vd-010", "vd-011", "vd-012", "vd-013", "vd-014", "vd-015", "vd-040", "vd-041", "vd-042", "vd-043", "vd-050", "vd-052", "vd-053", "vd-055", "vd-060", "vd-061", "vd-062", "vd-063"]'::jsonb) ON CONFLICT (id) DO NOTHING;
INSERT INTO variable_sets (id, name, doc_type, template_version_id, variable_ids) VALUES ('vs-quote-bi', 'Bilingual Quotation (EN/AR)', 'quote', 'tpl-quote-bi', '["vd-001", "vd-002", "vd-003", "vd-004", "vd-005", "vd-007", "vd-010", "vd-011", "vd-012", "vd-013", "vd-014", "vd-015", "vd-040", "vd-041", "vd-042", "vd-043", "vd-050", "vd-052", "vd-053", "vd-055", "vd-060", "vd-061", "vd-062", "vd-063"]'::jsonb) ON CONFLICT (id) DO NOTHING;
INSERT INTO variable_sets (id, name, doc_type, template_version_id, variable_ids) VALUES ('vs-proposal-en', 'Standard Proposal (EN)', 'proposal', 'tpl-proposal-en', '["vd-001", "vd-002", "vd-003", "vd-004", "vd-005", "vd-007", "vd-020", "vd-021", "vd-022", "vd-023", "vd-040", "vd-041", "vd-042", "vd-043", "vd-050", "vd-052", "vd-053", "vd-055", "vd-060", "vd-061", "vd-062", "vd-063"]'::jsonb) ON CONFLICT (id) DO NOTHING;
INSERT INTO variable_sets (id, name, doc_type, template_version_id, variable_ids) VALUES ('vs-sla-en', 'Standard SLA (EN)', 'sla', 'tpl-sla-en', '["vd-001", "vd-002", "vd-003", "vd-004", "vd-005", "vd-007", "vd-030", "vd-031", "vd-032", "vd-033", "vd-034", "vd-035", "vd-040", "vd-041", "vd-042", "vd-043", "vd-050", "vd-052", "vd-053", "vd-055"]'::jsonb) ON CONFLICT (id) DO NOTHING;
INSERT INTO variable_sets (id, name, doc_type, template_version_id, variable_ids) VALUES ('vs-contract-en', 'Standard Contract (EN)', 'contract', 'tpl-contract-en', '["vd-001", "vd-002", "vd-003", "vd-004", "vd-005", "vd-007", "vd-040", "vd-041", "vd-042", "vd-043", "vd-044", "vd-045", "vd-050", "vd-052", "vd-053", "vd-055"]'::jsonb) ON CONFLICT (id) DO NOTHING;

-- variable_set_items
INSERT INTO variable_set_items (id, variable_set_id, variable_definition_id, required, fallback_mode) VALUES ('vsi-001', 'vs-quote-en', 'vd-001', true, 'block_compile') ON CONFLICT (id) DO NOTHING;
INSERT INTO variable_set_items (id, variable_set_id, variable_definition_id, required, fallback_mode) VALUES ('vsi-002', 'vs-quote-en', 'vd-010', true, 'block_compile') ON CONFLICT (id) DO NOTHING;
INSERT INTO variable_set_items (id, variable_set_id, variable_definition_id, required, fallback_mode) VALUES ('vsi-003', 'vs-quote-en', 'vd-011', true, 'block_compile') ON CONFLICT (id) DO NOTHING;
INSERT INTO variable_set_items (id, variable_set_id, variable_definition_id, required, fallback_mode) VALUES ('vsi-004', 'vs-quote-en', 'vd-013', true, 'block_compile') ON CONFLICT (id) DO NOTHING;
INSERT INTO variable_set_items (id, variable_set_id, variable_definition_id, required, fallback_mode) VALUES ('vsi-005', 'vs-quote-en', 'vd-040', true, 'warning') ON CONFLICT (id) DO NOTHING;
INSERT INTO variable_set_items (id, variable_set_id, variable_definition_id, required, fallback_mode) VALUES ('vsi-006', 'vs-quote-en', 'vd-012', false, 'empty') ON CONFLICT (id) DO NOTHING;
INSERT INTO variable_set_items (id, variable_set_id, variable_definition_id, required, fallback_mode) VALUES ('vsi-010', 'vs-proposal-en', 'vd-001', true, 'block_compile') ON CONFLICT (id) DO NOTHING;
INSERT INTO variable_set_items (id, variable_set_id, variable_definition_id, required, fallback_mode) VALUES ('vsi-011', 'vs-proposal-en', 'vd-020', true, 'block_compile') ON CONFLICT (id) DO NOTHING;
INSERT INTO variable_set_items (id, variable_set_id, variable_definition_id, required, fallback_mode) VALUES ('vsi-012', 'vs-proposal-en', 'vd-022', true, 'warning') ON CONFLICT (id) DO NOTHING;
INSERT INTO variable_set_items (id, variable_set_id, variable_definition_id, required, fallback_mode) VALUES ('vsi-013', 'vs-proposal-en', 'vd-040', true, 'warning') ON CONFLICT (id) DO NOTHING;
INSERT INTO variable_set_items (id, variable_set_id, variable_definition_id, required, fallback_mode) VALUES ('vsi-020', 'vs-sla-en', 'vd-001', true, 'block_compile') ON CONFLICT (id) DO NOTHING;
INSERT INTO variable_set_items (id, variable_set_id, variable_definition_id, required, fallback_mode) VALUES ('vsi-021', 'vs-sla-en', 'vd-030', true, 'block_compile') ON CONFLICT (id) DO NOTHING;
INSERT INTO variable_set_items (id, variable_set_id, variable_definition_id, required, fallback_mode) VALUES ('vsi-022', 'vs-sla-en', 'vd-034', true, 'block_compile') ON CONFLICT (id) DO NOTHING;
INSERT INTO variable_set_items (id, variable_set_id, variable_definition_id, required, fallback_mode) VALUES ('vsi-023', 'vs-sla-en', 'vd-035', true, 'block_compile') ON CONFLICT (id) DO NOTHING;

-- doc_variable_overrides
INSERT INTO doc_variable_overrides (id, doc_instance_id, key, value_json, created_by) VALUES ('dvo-001', 'doc-inst-q1', 'customer.name', '"Almarai Company"'::jsonb, 'hano') ON CONFLICT (id) DO NOTHING;
INSERT INTO doc_variable_overrides (id, doc_instance_id, key, value_json, created_by) VALUES ('dvo-002', 'doc-inst-q1', 'quote.ref_number', '"HQ-2026-0042"'::jsonb, 'hano') ON CONFLICT (id) DO NOTHING;
INSERT INTO doc_variable_overrides (id, doc_instance_id, key, value_json, created_by) VALUES ('dvo-003', 'doc-inst-q1', 'quote.date', '"2026-02-01"'::jsonb, 'hano') ON CONFLICT (id) DO NOTHING;
INSERT INTO doc_variable_overrides (id, doc_instance_id, key, value_json, created_by) VALUES ('dvo-004', 'doc-inst-q1', 'quote.total_amount', '8500000'::jsonb, 'hano') ON CONFLICT (id) DO NOTHING;
INSERT INTO doc_variable_overrides (id, doc_instance_id, key, value_json, created_by) VALUES ('dvo-005', 'doc-inst-p1', 'customer.name', '"SABIC"'::jsonb, 'rami') ON CONFLICT (id) DO NOTHING;
INSERT INTO doc_variable_overrides (id, doc_instance_id, key, value_json, created_by) VALUES ('dvo-006', 'doc-inst-p1', 'proposal.title', '"SABIC National Warehousing \u2014 Commercial Proposal"'::jsonb, 'rami') ON CONFLICT (id) DO NOTHING;
INSERT INTO doc_variable_overrides (id, doc_instance_id, key, value_json, created_by) VALUES ('dvo-007', 'doc-inst-s1', 'customer.name', '"Almarai Company"'::jsonb, 'hano') ON CONFLICT (id) DO NOTHING;
INSERT INTO doc_variable_overrides (id, doc_instance_id, key, value_json, created_by) VALUES ('dvo-008', 'doc-inst-s1', 'sla.service_level', '"Premium Cold Chain"'::jsonb, 'hano') ON CONFLICT (id) DO NOTHING;
