-- SUPA-006 Linde Seed
-- Insert Linde customer to satisfy FK constraint
INSERT INTO customers (
  id, code, name, "group", status, city, region, industry, account_owner, service_type, grade, facility, payment_status
) VALUES (
  'c-linde', 'D365-LINDE', 'Linde SIGAS', 'Linde', 'Active', 'Dammam', 'East', 'Industrial', 'Amin Al-Halabi', 'TP', 'A', 'DMM Nahda', 'Good'
) ON CONFLICT (id) DO NOTHING;

INSERT INTO tenders (id,title,customer_id,customer_name,region,phase,submission_deadline,estimated_value,target_gp_percent,probability_percent,assigned_owner,source,created_at,updated_at,days_in_status,notes)
VALUES ('tn-linde-001','Linde SIGAS Transportation Tender','c-linde','Linde SIGAS','East','preparing_submission','2026-05-07',55600000,21,55,'Amin Al-Halabi','Direct','2026-03-15','2026-04-28',12,'Multi-pack transport tender.')
ON CONFLICT (id) DO NOTHING;

INSERT INTO tender_packs (id,tender_workspace_id,pack_type,pack_name,label,status,owner,owner_name,is_master,is_external_submittable,readiness_score,version,sections_total,sections_drafted,placeholders_total,placeholders_populated,documents_total,documents_ready,compliance_total,compliance_compliant,compliance_partial,approvals_total,approvals_complete,mock_warnings,mock_actions,readiness_breakdown) VALUES
('tp-linde-master','tn-linde-001','internal_master','Internal Master Pack','Internal Master Pack','drafting','u-amin','Amin Al-Halabi',true,false,70,1,8,4,62,44,8,5,18,12,6,5,2,'["Internal only — not for external submission","Mock Gate: Production would prevent external submission"]','["Open Pack Builder","Run Mock Split Check","Generate Test Output","Review Mock Gates"]','{"sections":80,"placeholders":65,"required_documents":40,"compliance":50,"mock_gates":30,"outputs":20}'),
('tp-linde-bulk','tn-linde-001','external_submission','Bulk Transportation Pack','Bulk Transportation Pack','drafting','u-raed','Ra''ed',false,true,72,1,13,9,48,42,6,4,16,11,5,5,3,'[]','["Open Pack Builder","Run Mock Split Check","Generate Test Output","Review Mock Gates"]','{"sections":75,"placeholders":70,"required_documents":60,"compliance":68,"mock_gates":45,"outputs":25}'),
('tp-linde-pgp','tn-linde-001','external_submission','PGP Transportation Pack','PGP Transportation Pack','drafting','u-raed','Ra''ed',false,true,65,1,13,7,51,39,6,3,16,10,6,5,2,'[]','["Open Pack Builder","Run Mock Split Check","Generate Test Output","Review Mock Gates"]','{"sections":70,"placeholders":62,"required_documents":55,"compliance":60,"mock_gates":40,"outputs":20}')
ON CONFLICT (id) DO NOTHING;

INSERT INTO tender_pack_sections (id,pack_id,title,owner,status,missing_placeholders,last_updated,approval_state) VALUES
('ms-1','tp-linde-master','Master document control','Amin Al-Halabi','approved',0,'2026-04-25','mock_reviewed'),
('ms-2','tp-linde-master','Placeholder conventions','Amin Al-Halabi','approved',0,'2026-04-20','mock_reviewed'),
('ms-3','tp-linde-master','Source content notes','Ra''ed','drafting',3,'2026-04-27','not_reviewed'),
('ms-4','tp-linde-master','Bulk tender working content','Ra''ed','in_review',5,'2026-04-28','not_reviewed'),
('ms-5','tp-linde-master','PGP tender working content','Ra''ed','drafting',6,'2026-04-28','not_reviewed'),
('ms-6','tp-linde-master','Splitting instructions','Amin Al-Halabi','drafting',2,'2026-04-26','not_reviewed'),
('ms-7','tp-linde-master','Pre-submission checklist','Amin Al-Halabi','not_started',4,'2026-04-15','not_reviewed'),
('ms-8','tp-linde-master','Internal archive notes','Ra''ed','not_started',2,'2026-04-10','not_reviewed'),
('bs-1','tp-linde-bulk','Letter of submission','Amin Al-Halabi','approved',0,'2026-04-26','mock_reviewed'),
('bs-2','tp-linde-bulk','Executive summary','Ra''ed','in_review',1,'2026-04-28','not_reviewed'),
('bs-3','tp-linde-bulk','Understanding the requirement','Ra''ed','approved',0,'2026-04-24','mock_reviewed'),
('bs-4','tp-linde-bulk','Company capability and track record','Amin Al-Halabi','approved',0,'2026-04-22','mock_reviewed'),
('bs-5','tp-linde-bulk','Operational approach — ADR Class 2 cryogenic transport','Ra''ed','drafting',2,'2026-04-28','not_reviewed'),
('bs-6','tp-linde-bulk','Fleet plan and vehicle specifications','Ra''ed','in_review',0,'2026-04-27','not_reviewed'),
('bs-7','tp-linde-bulk','HSE management and compliance','Ra''ed','drafting',1,'2026-04-27','not_reviewed'),
('bs-8','tp-linde-bulk','Quality and continuous improvement','Ra''ed','not_started',3,'2026-04-15','not_reviewed'),
('bs-9','tp-linde-bulk','Transition approach','Ra''ed','drafting',2,'2026-04-26','not_reviewed'),
('bs-10','tp-linde-bulk','Governance and performance management','Amin Al-Halabi','approved',0,'2026-04-23','mock_reviewed'),
('bs-11','tp-linde-bulk','Commercial approach','Amin Al-Halabi','needs_revision',1,'2026-04-28','future_approval_required'),
('bs-12','tp-linde-bulk','Compliance matrix','Ra''ed','not_started',0,'2026-04-10','not_reviewed'),
('bs-13','tp-linde-bulk','Document insert slots — Bulk pack','Ra''ed','not_started',0,'2026-04-10','not_reviewed'),
('ps-1','tp-linde-pgp','Letter of submission','Amin Al-Halabi','approved',0,'2026-04-26','mock_reviewed'),
('ps-2','tp-linde-pgp','Executive summary','Ra''ed','drafting',2,'2026-04-28','not_reviewed'),
('ps-3','tp-linde-pgp','Understanding the requirement','Ra''ed','in_review',0,'2026-04-27','not_reviewed'),
('ps-4','tp-linde-pgp','Company capability and track record','Amin Al-Halabi','approved',0,'2026-04-22','mock_reviewed'),
('ps-5','tp-linde-pgp','Operational approach — multi-city packaged-gas distribution','Ra''ed','drafting',3,'2026-04-28','not_reviewed'),
('ps-6','tp-linde-pgp','Fleet plan and vehicle specifications','Ra''ed','drafting',1,'2026-04-27','not_reviewed'),
('ps-7','tp-linde-pgp','HSE management, GDP and compliance','Ra''ed','not_started',2,'2026-04-15','not_reviewed'),
('ps-8','tp-linde-pgp','Quality and continuous improvement','Ra''ed','not_started',3,'2026-04-10','not_reviewed'),
('ps-9','tp-linde-pgp','Transition approach','Ra''ed','drafting',2,'2026-04-26','not_reviewed'),
('ps-10','tp-linde-pgp','Governance and performance management','Amin Al-Halabi','in_review',0,'2026-04-25','not_reviewed'),
('ps-11','tp-linde-pgp','Commercial approach','Amin Al-Halabi','needs_revision',2,'2026-04-28','future_approval_required'),
('ps-12','tp-linde-pgp','Compliance matrix','Ra''ed','not_started',0,'2026-04-10','not_reviewed'),
('ps-13','tp-linde-pgp','Document insert slots — PGP pack','Ra''ed','not_started',0,'2026-04-10','not_reviewed')
ON CONFLICT (id) DO NOTHING;

INSERT INTO tender_placeholders (id,pack_id,section_id,placeholder_key,label,value,pack_name,section_title,category,owner,populated,status,source,evidence_status,last_updated,approved_by,would_block_in_production,notes) VALUES
('ph-01','tp-linde-bulk','bs-1','[INSERT SUBMISSION DATE]','Submission Date','','Bulk Transportation Pack','Letter of submission','submission','Amin Al-Halabi',false,'missing','','not_required','2026-04-28',NULL,true,'Must match portal submission date.'),
('ph-02','tp-linde-master','ms-1','[INSERT CR NUMBER]','Commercial Registration Number','2050123456','Internal Master Pack','Master document control','legal_registration','Amin Al-Halabi',true,'approved','CR Certificate','attached_mock','2026-04-20','Amin Al-Halabi',true,''),
('ph-03','tp-linde-master','ms-1','[INSERT VAT NUMBER]','VAT Registration Number','310234567890003','Internal Master Pack','Master document control','legal_registration','Amin Al-Halabi',true,'approved','ZATCA Certificate','attached_mock','2026-04-20','Amin Al-Halabi',true,''),
('ph-04','tp-linde-master','ms-1','[INSERT NITAQAT BAND]','Nitaqat Band','Platinum','Internal Master Pack','Master document control','company_data','Ra''ed',true,'drafted','HR records','required','2026-04-25',NULL,true,'Needs evidence certificate from HRSD portal.'),
('ph-05','tp-linde-bulk','bs-7','[INSERT ISO 9001 CERTIFICATION NUMBER]','ISO 9001 Cert Number','QMS-2024-00187','Bulk Transportation Pack','HSE management and compliance','certification','Ra''ed',true,'in_review','BSI Certificate','attached_mock','2026-04-27',NULL,true,'Pending verification of expiry date.'),
('ph-06','tp-linde-bulk','bs-7','[INSERT ISO 14001 CERTIFICATION NUMBER]','ISO 14001 Cert Number','','Bulk Transportation Pack','HSE management and compliance','certification','Ra''ed',false,'needs_evidence','','missing','2026-04-15',NULL,true,'Certificate scan required.'),
('ph-07','tp-linde-bulk','bs-7','[INSERT ISO 45001 / OHSAS CERTIFICATION NUMBER]','ISO 45001 Cert Number','','Bulk Transportation Pack','HSE management and compliance','certification','Ra''ed',false,'missing','','missing','2026-04-10',NULL,true,'Awaiting certificate from HSE team.'),
('ph-08','tp-linde-bulk','bs-6','[INSERT TOTAL FLEET COUNT BY CATEGORY]','Total Fleet Count','47 cryogenic tankers, 12 tube trailers','Bulk Transportation Pack','Fleet plan and vehicle specifications','fleet_operations','Ra''ed',true,'drafted','Fleet register','required','2026-04-27',NULL,false,''),
('ph-09','tp-linde-bulk','bs-6','[INSERT NUMBER OF DRIVERS]','Number of Drivers','124','Bulk Transportation Pack','Fleet plan and vehicle specifications','fleet_operations','Ra''ed',true,'drafted','HR records','not_required','2026-04-27',NULL,false,''),
('ph-10','tp-linde-bulk','bs-10','[INSERT 12-MONTH OTIF %]','12-Month OTIF %','96.2%','Bulk Transportation Pack','Governance and performance management','safety_performance','Ra''ed',true,'in_review','KPI dashboard','attached_mock','2026-04-28',NULL,true,''),
('ph-11','tp-linde-bulk','bs-7','[INSERT 12-MONTH LTIFR FIGURE]','12-Month LTIFR','','Bulk Transportation Pack','HSE management and compliance','safety_performance','Ra''ed',false,'missing','','required','2026-04-10',NULL,true,'HSE team must provide audited figure.'),
('ph-12','tp-linde-pgp','ps-7','[INSERT 12-MONTH TRIR FIGURE]','12-Month TRIR','','PGP Transportation Pack','HSE management, GDP and compliance','safety_performance','Ra''ed',false,'missing','','required','2026-04-10',NULL,true,'Shared with Bulk — same figure required.'),
('ph-13','tp-linde-pgp','ps-6','[INSERT 12-MONTH TOTAL KM]','12-Month Total KM','8,450,000 km','PGP Transportation Pack','Fleet plan and vehicle specifications','fleet_operations','Ra''ed',true,'drafted','Telematics export','required','2026-04-26',NULL,false,''),
('ph-14','tp-linde-bulk','bs-4','[INSERT REFERENCE CONTRACT 1]','Reference Contract 1','SABIC Jubail — 5yr logistics contract (2021-2026)','Bulk Transportation Pack','Company capability and track record','company_data','Amin Al-Halabi',true,'approved','Contract records','attached_mock','2026-04-22','Amin Al-Halabi',true,''),
('ph-15','tp-linde-pgp','ps-4','[INSERT REFERENCE CONTRACT 2]','Reference Contract 2','Aramco VAS — transport services (2020-2025)','PGP Transportation Pack','Company capability and track record','company_data','Amin Al-Halabi',true,'approved','Contract records','attached_mock','2026-04-22','Amin Al-Halabi',true,''),
('ph-16','tp-linde-pgp','ps-10','[INSERT GOVERNANCE TEAM NAME]','Governance Team Name','','PGP Transportation Pack','Governance and performance management','governance','Amin Al-Halabi',false,'missing','','not_required','2026-04-15',NULL,false,'Pending org chart finalization.'),
('ph-17','tp-linde-bulk','bs-6','[INSERT OEM MODEL]','OEM Tanker Model','MAN TGS 26.440 6x4','Bulk Transportation Pack','Fleet plan and vehicle specifications','fleet_operations','Ra''ed',true,'drafted','Fleet records','not_required','2026-04-27',NULL,false,''),
('ph-18','tp-linde-pgp','ps-11','[INSERT PERFORMANCE GUARANTEE CONFIRMATION]','Performance Guarantee Confirmation','','PGP Transportation Pack','Commercial approach','commercial','Amin Al-Halabi',false,'needs_evidence','','missing','2026-04-20',NULL,true,'Finance must confirm performance bond structure.')
ON CONFLICT (id) DO NOTHING;

INSERT INTO tender_submission_gates (id,pack_id,name,gate_code,gate_description,status,severity,category,enforcement_mode,runtime_mode,mode,doctrine,is_mock,would_block,would_block_reason,allow_test_bypass,linked_signal,owner_id,owner_name,evaluated_at,notes) VALUES
('mg-001',NULL,'All required placeholders populated','PLACEHOLDER_COMPLETE','Every submission-critical placeholder must have a value before production submission.','would_block','critical','placeholder','would_enforce_production','soft_simulation','enforce',true,true,true,'5 placeholders still missing values',true,'Placeholder Register','u-amin','Amin Al-Halabi','2026-04-28T14:00:00Z',''),
('mg-002','tp-linde-bulk','OBK signed/stamped and native Excel ready','OBK_SIGNED','Both native Excel and signed/stamped PDF versions of the OBK must be uploaded and approved.','would_block','critical','required_document','would_enforce_production','soft_simulation','enforce',true,true,true,'OBK signed/stamped PDF not yet available',true,'Required Documents','u-amin','Amin Al-Halabi','2026-04-28T14:00:00Z','Commercial artifact — blocks evaluation.'),
('mg-003','tp-linde-bulk','Bid Statement signed/stamped','BID_STATEMENT_SIGNED','The bid statement must be signed and stamped by an authorized signatory.','would_block','high','required_document','would_enforce_production','soft_simulation','enforce',true,true,true,'Signed/stamped PDF not uploaded',true,'Required Documents','u-amin','Amin Al-Halabi','2026-04-28T14:00:00Z',''),
('mg-004','tp-linde-bulk','Transition Plan populated and reviewed','TRANSITION_PLAN','The transition plan must be fully drafted and reviewed by operations before submission.','warning','medium','required_document','warn_future','warning_only','enforce',false,true,true,'Transition plan still in draft',true,'Required Documents','u-raed','Ra''ed','2026-04-28T14:00:00Z',''),
('mg-005',NULL,'Continuous Improvement Proposal Form populated','CI_PROPOSAL_FORM','The CI proposal form must be populated with relevant KPI improvement commitments.','warning','medium','required_document','warn_future','warning_only','enforce',false,true,false,'',true,'Required Documents','u-raed','Ra''ed','2026-04-28T14:00:00Z',''),
('mg-006',NULL,'Compliance Pack collated','COMPLIANCE_PACK','All compliance documents (ISO, ADR, insurance, CR, VAT) must be collated and current.','warning','high','compliance','warn_future','warning_only','enforce',true,true,true,'Compliance pack not yet collated',true,'Required Documents + Compliance Matrix','u-raed','Ra''ed','2026-04-28T14:00:00Z',''),
('mg-007',NULL,'Proposal cover signed/stamped','PROPOSAL_COVER_SIGNED','The proposal cover letter must be signed and stamped by an authorized signatory.','would_block','high','required_document','would_enforce_production','soft_simulation','enforce',true,true,true,'Cover letter not yet signed',true,'Required Documents','u-amin','Amin Al-Halabi','2026-04-28T14:00:00Z',''),
('mg-008',NULL,'No cross-references to wrong pack','NO_CROSS_REFS','External packs must not reference internal master content or the other external pack.','would_block','high','internal_control','would_enforce_production','soft_simulation','enforce',true,true,true,'Cross-reference scan not yet run',true,'Compliance Matrix','u-raed','Ra''ed','2026-04-28T14:00:00Z',''),
('mg-009',NULL,'Internal notes removed from external packs','NO_INTERNAL_NOTES','Internal notes, draft comments, and working instructions must be removed from external submission packs.','pass','high','internal_control','would_enforce_production','soft_simulation','enforce',true,true,false,'',true,'','u-raed','Ra''ed','2026-04-28T14:00:00Z','Scan completed — no internal notes found.'),
('mg-010',NULL,'Email recipients verified','EMAIL_RECIPIENTS','Submission email recipients must be verified and confirmed before sending.','not_started','medium','submission_format','would_enforce_production','development_marker','enforce',false,true,true,'Recipients not yet verified',true,'','u-amin','Amin Al-Halabi',NULL,''),
('mg-011',NULL,'Attachment size checked','ATTACHMENT_SIZE','Email attachment size must be within limits specified by client.','pass','low','submission_format','mock_only','development_marker','enforce',false,true,false,'',true,'',NULL,NULL,'2026-04-28T14:00:00Z',''),
('mg-012',NULL,'Final read-through completed','FINAL_READ','A final human read-through must be completed and confirmed before submission.','not_started','medium','final_review','would_enforce_production','development_marker','enforce',true,true,true,'Read-through not yet completed',true,'','u-amin','Amin Al-Halabi',NULL,''),
('mg-013','tp-linde-master','Internal master pack not externally submitted','MASTER_NOT_EXTERNAL','The internal master pack must never be included in external submission emails.','pass','critical','internal_control','would_enforce_production','soft_simulation','enforce',true,true,false,'',true,'Pack Config','u-amin','Amin Al-Halabi','2026-04-28T14:00:00Z','Master pack correctly flagged as internal-only.'),
('mg-014',NULL,'Separate Bulk and PGP email threads required','SEPARATE_EMAILS','Bulk and PGP submission packs must be sent in separate email threads to the correct recipients.','would_block','high','submission_format','would_enforce_production','soft_simulation','enforce',true,true,true,'Split-pack email delivery not yet configured',true,'Compliance Matrix','u-amin','Amin Al-Halabi','2026-04-28T14:00:00Z','')
ON CONFLICT (id) DO NOTHING;

INSERT INTO tender_activity_events (id,workspace_id,timestamp,category,severity,actor,action,detail,title,event_type,user_id,user_name,role,related_pack,related_module,mock,description) VALUES
('act-001','tn-linde-001','2026-03-15T09:00:00Z','workspace','info','Amin Al-Halabi','workspace_created','Tender workspace created for Linde SIGAS Transportation Tender','Tender Workspace Created','workspace_created','u-amin','Amin Al-Halabi','Tender Lead','','',true,'Tender workspace created for Linde SIGAS Transportation Tender'),
('act-002','tn-linde-001','2026-03-16T10:30:00Z','pack','info','Amin Al-Halabi','pack_created','Internal Master Pack created — source pack for split output','Internal Master Pack Created','pack_created','u-amin','Amin Al-Halabi','Tender Lead','Internal Master Pack','',true,'Internal Master Pack created — source pack for split output'),
('act-003','tn-linde-001','2026-03-18T08:15:00Z','pack','info','Ra''ed','pack_created','Bulk Transportation Pack created — external submission pack','Bulk Transportation Pack Created','pack_created','u-raed','Ra''ed','Operations','Bulk Transportation Pack','',true,'Bulk Transportation Pack created — external submission pack'),
('act-004','tn-linde-001','2026-03-18T08:20:00Z','pack','info','Ra''ed','pack_created','PGP Transportation Pack created — external submission pack','PGP Transportation Pack Created','pack_created','u-raed','Ra''ed','Operations','PGP Transportation Pack','',true,'PGP Transportation Pack created — external submission pack'),
('act-005','tn-linde-001','2026-04-28T14:00:00Z','gate','warning','Amin Al-Halabi','gate_evaluated','Mock gates evaluated — 10 gates would block in production','Mock Gates Evaluated','gate_evaluated','u-amin','Amin Al-Halabi','Tender Lead','','Submission Gates',true,'Mock gates evaluated — 10 gates would block in production'),
('act-006','tn-linde-001','2026-04-28T15:00:00Z','placeholder','warning','Amin Al-Halabi','placeholders_scanned','Placeholder register scanned — 5 missing, 2 need evidence','Placeholders Scanned','placeholders_scanned','u-amin','Amin Al-Halabi','Tender Lead','','Placeholders',true,'Placeholder register scanned — 5 missing, 2 need evidence'),
('act-007','tn-linde-001','2026-04-28T16:00:00Z','required_document','warning','Amin Al-Halabi','required_documents_scanned','Required documents scanned — 8 awaiting, 3 in review, 14 would block production','Required Documents Scanned','required_documents_scanned','u-amin','Amin Al-Halabi','Tender Lead','','Required Documents',true,'Required documents scanned — 8 awaiting, 3 in review, 14 would block production'),
('act-008','tn-linde-001','2026-04-28T17:00:00Z','compliance','high','Amin Al-Halabi','compliance_matrix_scanned','Compliance matrix scanned — 2 non-compliant, 4 partial, 3 clarification required','Compliance Matrix Scanned','compliance_matrix_scanned','u-amin','Amin Al-Halabi','Tender Lead','','Compliance Matrix',true,'Compliance matrix scanned — 2 non-compliant, 4 partial, 3 clarification required'),
('act-009','tn-linde-001','2026-04-28T18:00:00Z','gate','warning','Amin Al-Halabi','submission_gates_scanned','Submission gates evaluated — 3 pass, 3 warning, 6 would block, 2 not started','Submission Gates Evaluated','submission_gates_scanned','u-amin','Amin Al-Halabi','Tender Lead','','Submission Gates',true,'Submission gates evaluated — 3 pass, 3 warning, 6 would block, 2 not started'),
('act-010','tn-linde-001','2026-04-28T18:30:00Z','placeholder','critical','Ra''ed','placeholder_flagged','LTIFR placeholder flagged as missing — HSE team must provide audited figure','Missing Placeholder Flagged','placeholder_flagged','u-raed','Ra''ed','Operations','Bulk Transportation Pack','',true,'LTIFR placeholder flagged as missing — HSE team must provide audited figure'),
('act-011','tn-linde-001','2026-04-28T19:00:00Z','required_document','critical','Amin Al-Halabi','document_flagged','Bulk OBK Signed/Stamped PDF flagged — signed copy not yet available','OBK Document Flagged','document_flagged','u-amin','Amin Al-Halabi','Tender Lead','Bulk Transportation Pack','',true,'Bulk OBK Signed/Stamped PDF flagged — signed copy not yet available'),
('act-012','tn-linde-001','2026-04-28T19:30:00Z','compliance','critical','Amin Al-Halabi','compliance_gap_flagged','OBK pricing file non-compliant — cannot submit without completed OBK','Compliance Gap Flagged','compliance_gap_flagged','u-amin','Amin Al-Halabi','Tender Lead','Bulk Transportation Pack','',true,'OBK pricing file non-compliant — cannot submit without completed OBK'),
('act-013','tn-linde-001','2026-04-29T09:00:00Z','gate','warning','Amin Al-Halabi','mock_gate_bypass','Mock bypass used for placeholder gate — testing continues','Mock Gate Bypass Used','mock_gate_bypass','u-amin','Amin Al-Halabi','Tender Lead','','Submission Gates',true,'Mock bypass used for placeholder gate — testing continues'),
('act-014','tn-linde-001','2026-04-29T10:00:00Z','split_pack','warning','Amin Al-Halabi','split_check_run','Split check run for Internal Master to Bulk. 5 checks would block production output.','Split Check Run','split_check_run','u-amin','Amin Al-Halabi','Tender Lead','Bulk Transportation Pack','',true,'Split check run for Internal Master to Bulk. 5 checks would block production output.'),
('act-015','tn-linde-001','2026-04-29T10:30:00Z','split_pack','info','Amin Al-Halabi','test_output_generated','Bulk test output generated — TEST OUTPUT — NOT FOR CLIENT SUBMISSION','Test Output Generated','test_output_generated','u-amin','Amin Al-Halabi','Tender Lead','Bulk Transportation Pack','',true,'Bulk test output generated — TEST OUTPUT — NOT FOR CLIENT SUBMISSION'),
('act-016','tn-linde-001','2026-04-29T11:00:00Z','submission_email','warning','Amin Al-Halabi','submission_email_prepared','Bulk submission email prepared — 2 required attachments missing','Submission Email Prepared','submission_email_prepared','u-amin','Amin Al-Halabi','Tender Lead','Bulk Transportation Pack','',true,'Bulk submission email prepared — 2 required attachments missing'),
('act-017','tn-linde-001','2026-04-29T11:30:00Z','submission_email','info','Amin Al-Halabi','submission_simulated','Bulk submission simulated — no external email sent','Submission Simulated','submission_simulated','u-amin','Amin Al-Halabi','Tender Lead','Bulk Transportation Pack','',true,'Bulk submission simulated — no external email sent'),
('act-018','tn-linde-001','2026-04-29T12:00:00Z','crm_sync_mock','info','Amin Al-Halabi','crm_sync_simulated','CRM sync simulation complete — no external CRM was updated','CRM Sync Simulated','crm_sync_simulated','u-amin','Amin Al-Halabi','Tender Lead','','',true,'CRM sync simulation complete — no external CRM was updated')
ON CONFLICT (id) DO NOTHING;

INSERT INTO tender_audit_events (id,workspace_id,timestamp,event_code,event_name,category,actor,role,action,entity_type,entity_id,entity_name,detail,trace_id,before_state,after_state,severity,mock,user_id,user_name) VALUES
('aud-001','tn-linde-001','2026-03-15T09:00:00Z','TND-CRT','Tender Workspace Created','TENDER','Amin Al-Halabi','Tender Lead','TENDER_CREATED','tender_workspace','tn-linde-001','Linde SIGAS Transportation Tender','Tender workspace created. Type: Multi-Pack Transport Tender. Customer: Linde SIGAS.','trc-001','—','Created','info',true,'u-amin','Amin Al-Halabi'),
('aud-002','tn-linde-001','2026-03-16T10:30:00Z','PCK-CRT','Internal Master Pack Created','PACK','Amin Al-Halabi','Tender Lead','PACK_CREATED','tender_pack','tp-linde-master','Internal Master Pack','Internal Master Pack created. is_external_submittable: false.','trc-002','—','Drafting','info',true,'u-amin','Amin Al-Halabi'),
('aud-003','tn-linde-001','2026-03-18T08:15:00Z','PCK-CRT','Bulk Transportation Pack Created','PACK','Ra''ed','Operations','PACK_CREATED','tender_pack','tp-linde-bulk','Bulk Transportation Pack','Bulk Transportation Pack created. is_external_submittable: true.','trc-003','—','Drafting','info',true,'u-raed','Ra''ed'),
('aud-004','tn-linde-001','2026-03-18T08:20:00Z','PCK-CRT','PGP Transportation Pack Created','PACK','Ra''ed','Operations','PACK_CREATED','tender_pack','tp-linde-pgp','PGP Transportation Pack','PGP Transportation Pack created. is_external_submittable: true.','trc-004','—','Drafting','info',true,'u-raed','Ra''ed'),
('aud-005','tn-linde-001','2026-04-28T14:00:00Z','GTE-EVL','Submission Gates Evaluated','GATE','Amin Al-Halabi','Tender Lead','MOCK_GATE_EVALUATED','tender_workspace','tn-linde-001','Linde SIGAS Transportation Tender','Mock submission gates evaluated. 10 gates would block production submission. No enforcement active.','trc-005','Not Evaluated','10 Would Block','warning',true,'u-amin','Amin Al-Halabi'),
('aud-006','tn-linde-001','2026-04-28T15:00:00Z','PLH-SCN','Placeholder Register Scanned','PLACEHOLDER','Amin Al-Halabi','Tender Lead','PLACEHOLDERS_SCANNED','tender_workspace','tn-linde-001','Linde SIGAS Transportation Tender','Placeholder register scanned. 18 total, 5 missing, 2 needs evidence.','trc-006','Not Scanned','5 Missing','warning',true,'u-amin','Amin Al-Halabi'),
('aud-007','tn-linde-001','2026-04-28T16:00:00Z','DOC-SCN','Required Documents Scanned','DOCUMENT','Amin Al-Halabi','Tender Lead','REQUIRED_DOCUMENTS_SCANNED','tender_workspace','tn-linde-001','Linde SIGAS Transportation Tender','Required documents register scanned. 22 total, 8 awaiting, 3 in review.','trc-007','Not Scanned','8 Awaiting','warning',true,'u-amin','Amin Al-Halabi'),
('aud-008','tn-linde-001','2026-04-28T17:00:00Z','CMP-SCN','Compliance Matrix Scanned','COMPLIANCE','Amin Al-Halabi','Tender Lead','COMPLIANCE_MATRIX_SCANNED','tender_workspace','tn-linde-001','Linde SIGAS Transportation Tender','Compliance matrix scanned. 22 items, 8 compliant, 4 partial, 2 non-compliant.','trc-008','Not Scanned','2 Non-Compliant','high',true,'u-amin','Amin Al-Halabi'),
('aud-009','tn-linde-001','2026-04-28T18:00:00Z','GTE-SCN','Submission Gates Re-Evaluated','GATE','Amin Al-Halabi','Tender Lead','SUBMISSION_GATES_SCANNED','tender_workspace','tn-linde-001','Linde SIGAS Transportation Tender','Submission gates evaluated. 14 total, 3 pass, 3 warning, 6 would block, 2 not started.','trc-009','10 Would Block','6 Would Block','warning',true,'u-amin','Amin Al-Halabi'),
('aud-010','tn-linde-001','2026-04-29T09:00:00Z','GTE-BYP','Mock Gate Bypass Used','GATE','Amin Al-Halabi','Tender Lead','MOCK_GATE_BYPASS_USED','mock_gate','mg-001','All required placeholders populated','Mock bypass activated for placeholder gate. Testing continues without enforcement.','trc-010','Would Block','Mock Bypassed','warning',true,'u-amin','Amin Al-Halabi'),
('aud-011','tn-linde-001','2026-04-29T10:00:00Z','SPL-CHK','Split Check Executed','SPLIT_OUTPUT','Amin Al-Halabi','Tender Lead','SPLIT_CHECK_RUN','split_output','tp-linde-bulk','Bulk Transportation Pack','Split check run for Internal Master to Bulk. 4 pass, 2 warning, 5 would block.','trc-011','Not Checked','5 Would Block','warning',true,'u-amin','Amin Al-Halabi'),
('aud-012','tn-linde-001','2026-04-29T10:30:00Z','OUT-GEN','Test Output Generated','SPLIT_OUTPUT','Amin Al-Halabi','Tender Lead','TEST_OUTPUT_GENERATED','pack_output','tp-linde-bulk','Bulk Tender Pack — TEST OUTPUT','Mock test output generated. Watermark: TEST OUTPUT — NOT FOR CLIENT SUBMISSION.','trc-012','—','Generated With Warnings','info',true,'u-amin','Amin Al-Halabi'),
('aud-013','tn-linde-001','2026-04-29T11:00:00Z','SUB-PRE','Submission Email Prepared','SUBMISSION','Amin Al-Halabi','Tender Lead','SUBMISSION_EMAIL_PREPARED','submission_email','tp-linde-bulk','Bulk Submission Email','Bulk submission email prepared. 2 required attachments missing.','trc-013','—','Draft (Mock)','warning',true,'u-amin','Amin Al-Halabi'),
('aud-014','tn-linde-001','2026-04-29T11:30:00Z','SUB-SIM','Submission Simulated','SUBMISSION','Amin Al-Halabi','Tender Lead','SUBMISSION_SIMULATED','submission_email','tp-linde-bulk','Bulk Submission Email','Bulk submission simulated. No external email sent.','trc-014','Draft (Mock)','Simulated With Warnings','info',true,'u-amin','Amin Al-Halabi'),
('aud-015','tn-linde-001','2026-04-29T12:00:00Z','CRM-SIM','CRM Sync Simulated','CRM_SYNC','Amin Al-Halabi','Tender Lead','CRM_SYNC_SIMULATED','tender_workspace','tn-linde-001','Linde SIGAS Transportation Tender','CRM sync simulation complete. No external CRM was updated.','trc-015','Not Synced','Simulated','info',true,'u-amin','Amin Al-Halabi'),
('aud-016','tn-linde-001','2026-04-29T12:30:00Z','PRD-BLK','Production Block Simulated','SYSTEM','System','System','PRODUCTION_BLOCK_SIMULATED','tender_workspace','tn-linde-001','Linde SIGAS Transportation Tender','Production block simulation: 10 gates, 12 placeholders, 14 documents would block. No enforcement active.','trc-016','—','Simulated','high',true,'u-system','System')
ON CONFLICT (id) DO NOTHING;
INSERT INTO tender_required_documents (id, document_name, pack_id, pack_name, category, owner, status, native_required, signed_required, stamp_required, native_status, signed_pdf_status, evidence_status, version, included_in_output, would_block_in_production, last_updated, notes) VALUES
('rd-01', 'Internal Master Working DOCX', 'tp-linde-master', 'Internal Master Pack', 'final_output', 'Amin Al-Halabi', 'draft', true, false, false, 'uploaded_mock', 'not_required', 'not_required', 3, false, false, '2026-04-28', 'Internal working document — not submitted externally.'),
('rd-02', 'Bulk Final Tender Pack PDF', 'tp-linde-bulk', 'Bulk Transportation Pack', 'final_output', 'Amin Al-Halabi', 'awaiting', true, true, true, 'missing', 'missing', 'missing', 0, true, true, '2026-04-28', 'Final compiled PDF for Bulk submission. Cannot be generated until all sections approved.'),
('rd-03', 'Bulk OBK Native Excel', 'tp-linde-bulk', 'Bulk Transportation Pack', 'pricing_obk', 'Amin Al-Halabi', 'in_review', true, false, false, 'uploaded_mock', 'not_required', 'uploaded_mock', 2, true, true, '2026-04-27', 'Native Excel required for commercial evaluation. OBK Control artifact.'),
('rd-04', 'Bulk OBK Signed/Stamped PDF', 'tp-linde-bulk', 'Bulk Transportation Pack', 'pricing_obk', 'Amin Al-Halabi', 'awaiting', false, true, true, 'not_required', 'missing', 'missing', 0, true, true, '2026-04-25', 'Signed and stamped by authorized signatory. Native Excel + signed/stamped PDF required for production submission.'),
('rd-05', 'Bulk Bid Statement Signed/Stamped PDF', 'tp-linde-bulk', 'Bulk Transportation Pack', 'bid_statement', 'Amin Al-Halabi', 'awaiting', false, true, true, 'not_required', 'missing', 'missing', 0, true, true, '2026-04-20', 'Must be signed and stamped by authorized signatory.'),
('rd-06', 'Bulk Transition Plan', 'tp-linde-bulk', 'Bulk Transportation Pack', 'transition', 'Ra''ed', 'draft', true, false, false, 'uploaded_mock', 'not_required', 'not_required', 1, true, true, '2026-04-26', ''),
('rd-07', 'Bulk Continuous Improvement Proposal Form', 'tp-linde-bulk', 'Bulk Transportation Pack', 'continuous_improvement', 'Ra''ed', 'draft', true, false, false, 'uploaded_mock', 'not_required', 'not_required', 1, true, false, '2026-04-26', ''),
('rd-08', 'Bulk Compliance Pack', 'tp-linde-bulk', 'Bulk Transportation Pack', 'compliance_pack', 'Ra''ed', 'awaiting', true, false, false, 'missing', 'not_required', 'missing', 0, true, true, '2026-04-15', 'Aggregated compliance evidence bundle.'),
('rd-09', 'PGP Final Tender Pack PDF', 'tp-linde-pgp', 'PGP Transportation Pack', 'final_output', 'Amin Al-Halabi', 'awaiting', true, true, true, 'missing', 'missing', 'missing', 0, true, true, '2026-04-28', 'Final compiled PDF for PGP submission.'),
('rd-10', 'PGP OBK Native Excel', 'tp-linde-pgp', 'PGP Transportation Pack', 'pricing_obk', 'Amin Al-Halabi', 'draft', true, false, false, 'uploaded_mock', 'not_required', 'uploaded_mock', 1, true, true, '2026-04-26', 'OBK Control artifact — native Excel for PGP pricing.'),
('rd-11', 'PGP OBK Signed/Stamped PDF', 'tp-linde-pgp', 'PGP Transportation Pack', 'pricing_obk', 'Amin Al-Halabi', 'awaiting', false, true, true, 'not_required', 'missing', 'missing', 0, true, true, '2026-04-20', 'Native Excel + signed/stamped PDF required for production submission.'),
('rd-12', 'PGP Bid Statement Signed/Stamped PDF', 'tp-linde-pgp', 'PGP Transportation Pack', 'bid_statement', 'Amin Al-Halabi', 'awaiting', false, true, true, 'not_required', 'missing', 'missing', 0, true, true, '2026-04-18', 'Must be signed and stamped by authorized signatory.'),
('rd-13', 'PGP Transition Plan', 'tp-linde-pgp', 'PGP Transportation Pack', 'transition', 'Ra''ed', 'in_review', true, false, false, 'uploaded_mock', 'not_required', 'not_required', 1, true, true, '2026-04-27', ''),
('rd-14', 'PGP Continuous Improvement Proposal Form', 'tp-linde-pgp', 'PGP Transportation Pack', 'continuous_improvement', 'Ra''ed', 'draft', true, false, false, 'uploaded_mock', 'not_required', 'not_required', 1, true, false, '2026-04-25', ''),
('rd-15', 'PGP Compliance Pack', 'tp-linde-pgp', 'PGP Transportation Pack', 'compliance_pack', 'Ra''ed', 'awaiting', true, false, false, 'missing', 'not_required', 'missing', 0, true, true, '2026-04-10', ''),
('rd-16', 'Commercial Registration Certificate', 'tp-linde-bulk', 'Bulk Transportation Pack', 'legal_registration', 'Amin Al-Halabi', 'ready', false, true, false, 'not_required', 'ready_mock', 'ready_mock', 1, true, true, '2026-04-20', 'Shared across Bulk + PGP packs.'),
('rd-17', 'VAT Certificate', 'tp-linde-bulk', 'Bulk Transportation Pack', 'legal_registration', 'Amin Al-Halabi', 'ready', false, true, false, 'not_required', 'ready_mock', 'ready_mock', 1, true, true, '2026-04-20', 'ZATCA certificate.'),
('rd-18', 'ISO 9001 / 14001 / 45001 Certificates', 'tp-linde-bulk', 'Bulk Transportation Pack', 'certification', 'Ra''ed', 'in_review', false, true, false, 'not_required', 'uploaded_mock', 'uploaded_mock', 1, true, true, '2026-04-27', 'Bundle of 3 ISO certificates. Expiry dates must be verified.'),
('rd-19', 'Insurance Certificates', 'tp-linde-bulk', 'Bulk Transportation Pack', 'insurance', 'Ra''ed', 'approved', false, true, false, 'not_required', 'ready_mock', 'ready_mock', 1, true, true, '2026-04-22', 'Motor + cargo + liability insurance bundle.'),
('rd-20', 'ADR Class 2 Certifications', 'tp-linde-bulk', 'Bulk Transportation Pack', 'hse', 'Ra''ed', 'approved', false, true, false, 'not_required', 'ready_mock', 'ready_mock', 1, true, true, '2026-04-22', 'ADR dangerous goods transport certification for cryogenic tankers.'),
('rd-21', 'Reference Credentials', 'tp-linde-bulk', 'Bulk Transportation Pack', 'fleet_operations', 'Amin Al-Halabi', 'ready', true, false, false, 'ready_mock', 'not_required', 'ready_mock', 1, true, true, '2026-04-22', 'SABIC + Aramco reference letters and contracts.'),
('rd-22', 'Performance Guarantee Confirmation', 'tp-linde-pgp', 'PGP Transportation Pack', 'pricing_obk', 'Amin Al-Halabi', 'awaiting', true, true, true, 'missing', 'missing', 'missing', 0, true, true, '2026-04-15', 'Finance must confirm performance bond structure before submission.')
ON CONFLICT (id) DO NOTHING;

INSERT INTO tender_compliance_items (id, reference, requirement, pack_id, pack_name, category, status, evidence, owner, risk_level, legal_review_required, commercial_impact, operational_impact, clarification_needed, would_block_in_production, last_updated, notes) VALUES
('ci-01', 'RFQ-3.1', 'Scope: cryogenic gases and gaseous hydrogen distribution across KSA', 'tp-linde-bulk', 'Bulk Transportation Pack', 'scope', 'compliant', 'Attached Mock', 'Amin Al-Halabi', 'low', false, 'Core scope — full alignment required', 'Fleet must cover cryogenic + gaseous', false, true, '2026-04-25', ''),
('ci-02', 'RFQ-3.2', 'Two-hub model: Dammam primary, Jeddah secondary', 'tp-linde-bulk', 'Bulk Transportation Pack', 'scope', 'compliant', 'Attached Mock', 'Ra''ed', 'low', false, 'Hub costs included in pricing', 'Operations team confirmed hub availability', false, false, '2026-04-25', ''),
('ci-03', 'RFQ-4.1', '18 x 4x2 tractors provided for cryogenic trailer operation', 'tp-linde-bulk', 'Bulk Transportation Pack', 'vehicle_specifications', 'partial', 'Pending', 'Ra''ed', 'medium', false, 'Fleet CAPEX may require adjustment', '14 available, 4 on order — delivery Q3 2026', false, true, '2026-04-27', '4 tractors on order, expected delivery before contract start.'),
('ci-04', 'RFQ-4.2', '4 x 6x4 rigid tankers provided for gaseous deliveries', 'tp-linde-bulk', 'Bulk Transportation Pack', 'vehicle_specifications', 'partial', 'Pending', 'Ra''ed', 'medium', false, 'Rigid tanker spec requires OEM confirmation', '2 available, 2 under procurement', false, true, '2026-04-27', ''),
('ci-05', 'RFQ-5.1', 'ADR Class 2 driver discipline and training compliance', 'tp-linde-bulk', 'Bulk Transportation Pack', 'adr_gdp', 'compliant', 'Attached Mock', 'Ra''ed', 'low', false, 'None', 'All assigned drivers ADR certified', false, true, '2026-04-22', ''),
('ci-06', 'RFQ-6.1', 'Linde-owned cryogenic trailer maintenance boundary acknowledged', 'tp-linde-bulk', 'Bulk Transportation Pack', 'legal_terms', 'clarification_required', 'Client Clarification Needed', 'Amin Al-Halabi', 'high', true, 'Maintenance cost boundary affects margin', 'Need to confirm which maintenance items fall on Hala vs Linde', true, true, '2026-04-28', 'Formal clarification submitted to Linde procurement. Awaiting response.'),
('ci-07', 'RFQ-7.1', 'Schedule 5 KPI regime acknowledged and accepted', 'tp-linde-bulk', 'Bulk Transportation Pack', 'kpi_pl_consequences', 'compliant', 'Attached Mock', 'Amin Al-Halabi', 'medium', false, 'KPI penalties capped at 5% monthly invoice', 'Operations must track OTIF, safety, fleet availability', false, false, '2026-04-25', ''),
('ci-08', 'RFQ-7.2', 'Schedule 6 PL consequences acknowledged', 'tp-linde-bulk', 'Bulk Transportation Pack', 'kpi_pl_consequences', 'partial', 'Pending', 'Amin Al-Halabi', 'high', true, 'Uncapped liability clause requires legal review', 'Insurance coverage must align', false, true, '2026-04-28', 'Legal team reviewing liability cap position.'),
('ci-09', 'RFQ-8.1', 'OBK pricing file completed and submitted', 'tp-linde-bulk', 'Bulk Transportation Pack', 'pricing_obk', 'non_compliant', 'Required', 'Amin Al-Halabi', 'critical', false, 'Cannot submit without completed OBK', 'None', false, true, '2026-04-28', 'OBK native Excel in review but signed/stamped version not yet available.'),
('ci-10', 'RFQ-9.1', '180-day bid validity period acknowledged', 'tp-linde-bulk', 'Bulk Transportation Pack', 'bid_validity', 'compliant', 'Attached Mock', 'Amin Al-Halabi', 'low', false, 'Pricing locked for 180 days', 'None', false, false, '2026-04-20', ''),
('ci-11', 'RFQ-10.1', '10% performance guarantee bond provided', 'tp-linde-bulk', 'Bulk Transportation Pack', 'performance_guarantee', 'clarification_required', 'Client Clarification Needed', 'Amin Al-Halabi', 'high', true, 'Bond cost impacts margin by ~0.3%', 'None', true, true, '2026-04-28', 'Finance confirming bond structure with bank.'),
('ci-12', 'RFQ-3.3', 'Multi-city packaged-gas distribution scope acknowledged', 'tp-linde-pgp', 'PGP Transportation Pack', 'scope', 'compliant', 'Attached Mock', 'Amin Al-Halabi', 'low', false, 'PGP pricing covers all listed cities', 'Route planning confirmed', false, false, '2026-04-25', ''),
('ci-13', 'RFQ-4.3', 'PGP vehicle / helper model reviewed and accepted', 'tp-linde-pgp', 'PGP Transportation Pack', 'vehicle_specifications', 'compliant', 'Attached Mock', 'Ra''ed', 'low', false, 'Helper costs included', 'Vehicle + helper model confirmed', false, false, '2026-04-25', ''),
('ci-14', 'RFQ-5.2', 'PGP GDP / safety handling requirements reviewed', 'tp-linde-pgp', 'PGP Transportation Pack', 'adr_gdp', 'partial', 'Pending', 'Ra''ed', 'medium', false, 'GDP training costs not yet budgeted', 'GDP training program under development', false, false, '2026-04-27', 'GDP handling SOP being drafted.'),
('ci-15', 'RFQ-11.1', 'PGP transition approach documented', 'tp-linde-pgp', 'PGP Transportation Pack', 'transition', 'not_reviewed', 'Not Required', 'Ra''ed', 'medium', false, 'Transition mobilization costs', '60-day transition window required', false, true, '2026-04-15', ''),
('ci-16', 'RFQ-12.1', 'PGP continuous improvement proposal required', 'tp-linde-pgp', 'PGP Transportation Pack', 'continuous_improvement', 'not_reviewed', 'Not Required', 'Ra''ed', 'low', false, 'None', 'CI plan needed', false, false, '2026-04-15', ''),
('ci-17', 'RFQ-13.1', 'Insurance certificates covering motor, cargo, and liability', 'tp-linde-bulk', 'Bulk Transportation Pack', 'insurance', 'compliant', 'Attached Mock', 'Ra''ed', 'low', false, 'Premium included in overhead', 'None', false, true, '2026-04-22', ''),
('ci-18', 'RFQ-13.2', 'Commercial Registration valid and matching entity', 'tp-linde-bulk', 'Bulk Transportation Pack', 'management_standards', 'compliant', 'Attached Mock', 'Amin Al-Halabi', 'low', false, 'None', 'None', false, true, '2026-04-20', ''),
('ci-19', 'RFQ-13.3', 'ISO 9001 / 14001 / 45001 certificates current', 'tp-linde-bulk', 'Bulk Transportation Pack', 'management_standards', 'clarification_required', 'Client Clarification Needed', 'Ra''ed', 'medium', false, 'None', 'ISO 45001 certificate expiry needs confirmation', true, true, '2026-04-27', 'ISO 45001 expiry date unclear — BSI confirmation requested.'),
('ci-20', 'RFQ-14.1', 'Separate submission emails for Bulk and PGP packs', 'tp-linde-master', 'Internal Master Pack', 'submission_format', 'non_compliant', 'Required', 'Amin Al-Halabi', 'critical', false, 'Incorrect submission format = disqualification risk', 'None', false, true, '2026-04-28', 'Submission process not yet configured for split-pack email delivery.'),
('ci-21', 'RFQ-14.2', 'Internal master pack must NOT be submitted externally', 'tp-linde-master', 'Internal Master Pack', 'submission_format', 'accepted_risk_mock', 'Not Required', 'Amin Al-Halabi', 'low', false, 'None', 'None', false, false, '2026-04-20', 'Master pack flagged as internal-only in pack config.'),
('ci-22', 'RFQ-14.3', 'Cross-pack references must be removed before submission', 'tp-linde-master', 'Internal Master Pack', 'submission_format', 'not_reviewed', 'Not Required', 'Ra''ed', 'medium', false, 'None', 'QA review required before final output', false, true, '2026-04-15', '')
ON CONFLICT (id) DO NOTHING;

INSERT INTO tender_split_checks (id, tender_workspace_id, source_pack_id, target_pack_id, check_name, description, category, status, severity, would_block_in_production, mock_resolution, notes) VALUES
('sc-01', 'tn-linde-001', 'tp-linde-master', 'tp-linde-bulk', 'Remove PGP content from Bulk output', 'All PGP-specific sections, pricing, and references must be stripped from the Bulk output pack.', 'cross_references', 'would_block', 'critical', true, 'Content filter would run automatically', ''),
('sc-02', 'tn-linde-001', 'tp-linde-master', 'tp-linde-bulk', 'Remove internal notes and draft comments', 'All internal notes, working comments, and draft markers must be removed from the external output.', 'internal_notes', 'would_block', 'high', true, 'Internal note scanner would run automatically', ''),
('sc-03', 'tn-linde-001', 'tp-linde-master', 'tp-linde-bulk', 'Check Bulk placeholders completed', 'All submission-critical placeholders for the Bulk pack must have values.', 'placeholders', 'would_block', 'critical', true, 'Placeholder register feeds this check', ''),
('sc-04', 'tn-linde-001', 'tp-linde-master', 'tp-linde-bulk', 'Check Bulk required documents ready', 'All required documents for the Bulk submission must be uploaded and approved.', 'required_documents', 'would_block', 'high', true, 'Required documents register feeds this check', ''),
('sc-05', 'tn-linde-001', 'tp-linde-master', 'tp-linde-bulk', 'Check compliance gaps resolved', 'Non-compliant and clarification-required items must be resolved before production output.', 'compliance', 'warning', 'medium', false, 'Compliance matrix feeds this check', ''),
('sc-06', 'tn-linde-001', 'tp-linde-master', 'tp-linde-pgp', 'Remove Bulk content from PGP output', 'All Bulk-specific sections, pricing, and references must be stripped from the PGP output pack.', 'cross_references', 'would_block', 'critical', true, 'Content filter would run automatically', ''),
('sc-07', 'tn-linde-001', 'tp-linde-master', 'tp-linde-pgp', 'Remove internal notes and draft comments', 'All internal notes, working comments, and draft markers must be removed from the external output.', 'internal_notes', 'would_block', 'high', true, 'Internal note scanner would run automatically', ''),
('sc-08', 'tn-linde-001', 'tp-linde-master', 'tp-linde-pgp', 'Check PGP placeholders completed', 'All submission-critical placeholders for the PGP pack must have values.', 'placeholders', 'would_block', 'critical', true, 'Placeholder register feeds this check', ''),
('sc-09', 'tn-linde-001', 'tp-linde-master', 'tp-linde-pgp', 'Check PGP required documents ready', 'All required documents for the PGP submission must be uploaded and approved.', 'required_documents', 'would_block', 'high', true, 'Required documents register feeds this check', ''),
('sc-10', 'tn-linde-001', 'tp-linde-master', 'tp-linde-pgp', 'Check compliance gaps resolved', 'Non-compliant and clarification-required items must be resolved before production output.', 'compliance', 'warning', 'medium', false, 'Compliance matrix feeds this check', '')
ON CONFLICT (id) DO NOTHING;

INSERT INTO tender_pack_outputs (id, tender_workspace_id, tender_pack_id, source_pack_id, output_name, pack_name, output_type, format, version, status, generated_by, generated_at, watermark, is_test_output, would_be_submittable_in_production, mock_warnings_count, notes) VALUES
('po-001', 'tn-linde-001', 'tp-linde-bulk', 'tp-linde-master', 'Bulk Transportation Pack — TEST OUTPUT', 'Bulk Transportation Pack', 'Split Pack Output', 'PDF Mock', 'v0.1-test', 'generated_with_warnings', 'Amin Al-Halabi', '2026-04-29T10:30:00Z', 'TEST OUTPUT — NOT FOR CLIENT SUBMISSION', true, false, 5, '')
ON CONFLICT (id) DO NOTHING;

INSERT INTO tender_submission_emails (id, tender_workspace_id, tender_pack_id, pack_name, email_type, to_address, cc_external, cc_internal, subject, body, attachment_size_mb, status, simulated, submitted_by, submitted_at, warnings_count, notes) VALUES
('se-bulk', 'tn-linde-001', 'tp-linde-bulk', 'Bulk Transportation Pack', 'bulk_submission', 'tender@linde-sigas.com', 'procurement@linde-sigas.com', 'amin.alhalabi@hala.com', 'Linde SIGAS Transportation Tender — Bulk Pack Submission', 'Please find attached our Bulk Transportation proposal...', 12.5, 'draft_mock', false, '', NULL, 2, ''),
('se-pgp', 'tn-linde-001', 'tp-linde-pgp', 'PGP Transportation Pack', 'pgp_submission', 'tender@linde-sigas.com', 'procurement@linde-sigas.com', 'amin.alhalabi@hala.com', 'Linde SIGAS Transportation Tender — PGP Pack Submission', 'Please find attached our PGP proposal...', 8.2, 'draft_mock', false, '', NULL, 1, '')
ON CONFLICT (id) DO NOTHING;

INSERT INTO tender_submission_email_attachments (id, email_id, file_name, document_type, format, required, included, status, size_mb, notes) VALUES
('att-1', 'se-bulk', 'Linde_Bulk_Technical_Proposal.pdf', 'Technical Proposal', 'PDF', true, true, 'ready_mock', 4.5, ''),
('att-2', 'se-bulk', 'Linde_Bulk_Commercial_OBK.xlsx', 'Pricing', 'Excel', true, false, 'missing', 0, ''),
('att-3', 'se-bulk', 'Compliance_Pack_Bulk.pdf', 'Compliance', 'PDF', true, false, 'warning', 8, ''),
('att-4', 'se-pgp', 'Linde_PGP_Technical_Proposal.pdf', 'Technical Proposal', 'PDF', true, true, 'ready_mock', 3.2, ''),
('att-5', 'se-pgp', 'Linde_PGP_Commercial_OBK.xlsx', 'Pricing', 'Excel', true, false, 'missing', 0, ''),
('att-6', 'se-pgp', 'Compliance_Pack_PGP.pdf', 'Compliance', 'PDF', true, true, 'ready_mock', 5, '')
ON CONFLICT (id) DO NOTHING;

